algo,transform,sample_size,eer_threshold
pdq,Rescale,250000,0.6171875
pdq,Rescale,250000,0.6171875
pdq,Rescale,250000,0.6171875
pdq,Rescale,250000,0.6171875
pdq,Rescale,250000,0.6171875
pdq,Rescale,250000,0.6171875
pdq,Rescale,250000,0.6171875
pdq,Rescale,250000,0.6171875
pdq,Rescale,250000,0.6171875
pdq,Rescale,250000,0.6171875
pdq,Rescale,250000,0.6171875
pdq,Rescale,250000,0.6171875
pdq,Rescale,250000,0.6171875
pdq,Rescale,250000,0.6171875
pdq,Rescale,250000,0.6171875
pdq,Rescale,250000,0.6171875
pdq,Rescale,250000,0.6171875
pdq,Rescale,250000,0.6171875
pdq,Rescale,250000,0.6171875
pdq,Rescale,250000,0.6171875
pdq,Rescale,250000,0.6171875
pdq,Rescale,250000,0.6171875
pdq,Rescale,250000,0.6171875
pdq,Rescale,250000,0.6171875
pdq,Rescale,250000,0.6171875
pdq,Rescale,250000,0.6171875
pdq,Rescale,250000,0.6171875
pdq,Rescale,250000,0.625
pdq,Rescale,250000,0.6171875
pdq,Rescale,250000,0.6171875
pdq,Rescale,250000,0.6171875
pdq,Rescale,250000,0.6171875
pdq,Rescale,250000,0.6171875
pdq,Rescale,250000,0.6171875
pdq,Rescale,250000,0.6171875
pdq,Rescale,250000,0.6171875
pdq,Rescale,250000,0.6171875
pdq,Rescale,250000,0.6171875
pdq,Rescale,250000,0.625
pdq,Rescale,250000,0.6171875
pdq,Rescale,250000,0.6171875
pdq,Rescale,250000,0.6171875
pdq,Rescale,250000,0.6171875
pdq,Rescale,250000,0.6171875
pdq,Rescale,250000,0.6171875
pdq,Rescale,250000,0.6171875
pdq,Rescale,250000,0.6171875
pdq,Rescale,250000,0.6171875
pdq,Rescale,250000,0.6171875
pdq,Rescale,250000,0.6171875
pdq,Rescale,250000,0.6171875
pdq,Rescale,250000,0.6171875
pdq,Rescale,250000,0.6171875
pdq,Rescale,250000,0.6171875
pdq,Rescale,250000,0.6171875
pdq,Rescale,250000,0.625
pdq,Rescale,250000,0.6171875
pdq,Rescale,250000,0.6171875
pdq,Rescale,250000,0.6171875
pdq,Rescale,250000,0.6171875
pdq,Rescale,250000,0.6171875
pdq,Rescale,250000,0.6171875
pdq,Rescale,250000,0.6171875
pdq,Rescale,250000,0.6171875
pdq,Rescale,250000,0.6171875
pdq,Rescale,250000,0.6171875
pdq,Rescale,250000,0.6171875
pdq,Rescale,250000,0.6171875
pdq,Rescale,250000,0.6171875
pdq,Rescale,250000,0.6171875
pdq,Rescale,250000,0.6171875
pdq,Rescale,250000,0.6171875
pdq,Rescale,250000,0.6171875
pdq,Rescale,250000,0.6171875
pdq,Rescale,250000,0.6171875
pdq,Rescale,250000,0.6171875
pdq,Rescale,250000,0.6171875
pdq,Rescale,250000,0.6171875
pdq,Rescale,250000,0.6171875
pdq,Rescale,250000,0.6171875
pdq,Rescale,250000,0.6171875
pdq,Rescale,250000,0.6171875
pdq,Rescale,250000,0.6171875
pdq,Rescale,250000,0.6171875
pdq,Rescale,250000,0.6171875
pdq,Rescale,250000,0.6171875
pdq,Rescale,250000,0.6171875
pdq,Rescale,250000,0.6171875
pdq,Rescale,250000,0.6171875
pdq,Rescale,250000,0.6171875
pdq,Rescale,250000,0.6171875
pdq,Rescale,250000,0.6171875
pdq,Rescale,250000,0.6171875
pdq,Rescale,250000,0.6171875
pdq,Rescale,250000,0.6171875
pdq,Rescale,250000,0.6171875
pdq,Rescale,250000,0.6171875
pdq,Rescale,250000,0.6171875
pdq,Rescale,250000,0.6171875
pdq,Rescale,250000,0.6171875
pdq,Rescale,250000,0.6171875
pdq,Rescale,250000,0.6171875
pdq,Rescale,250000,0.6171875
pdq,Rescale,250000,0.6171875
pdq,Rescale,250000,0.6171875
pdq,Rescale,250000,0.6171875
pdq,Rescale,250000,0.6171875
pdq,Rescale,250000,0.6171875
pdq,Rescale,250000,0.625
pdq,Rescale,250000,0.6171875
pdq,Rescale,250000,0.6171875
pdq,Rescale,250000,0.6171875
pdq,Rescale,250000,0.6171875
pdq,Rescale,250000,0.6171875
pdq,Rescale,250000,0.6171875
pdq,Rescale,250000,0.6171875
pdq,Rescale,250000,0.6171875
pdq,Rescale,250000,0.6171875
pdq,Rescale,250000,0.6171875
pdq,Rescale,250000,0.6171875
pdq,Rescale,250000,0.6171875
pdq,Rescale,250000,0.6171875
pdq,Rescale,250000,0.6171875
pdq,Rescale,250000,0.625
pdq,Rescale,250000,0.6171875
pdq,Rescale,250000,0.6171875
pdq,Rescale,250000,0.625
pdq,Rescale,250000,0.6171875
pdq,Rescale,250000,0.6171875
pdq,Rescale,250000,0.6171875
pdq,Rescale,250000,0.6171875
pdq,Rescale,250000,0.6171875
pdq,Rescale,250000,0.6171875
pdq,Rescale,250000,0.6171875
pdq,Rescale,250000,0.6171875
pdq,Rescale,250000,0.6171875
pdq,Rescale,250000,0.6171875
pdq,Rescale,250000,0.6171875
pdq,Rescale,250000,0.6171875
pdq,Rescale,250000,0.6171875
pdq,Rescale,250000,0.6171875
pdq,Rescale,250000,0.6171875
pdq,Rescale,250000,0.625
pdq,Rescale,250000,0.6171875
pdq,Rescale,250000,0.6171875
pdq,Rescale,250000,0.6171875
pdq,Rescale,250000,0.6171875
pdq,Rescale,250000,0.6171875
pdq,Rescale,250000,0.6171875
pdq,Rescale,250000,0.6171875
pdq,Rescale,250000,0.6171875
pdq,Rescale,250000,0.6171875
pdq,Rescale,250000,0.6171875
pdq,Rescale,250000,0.6171875
pdq,Rescale,250000,0.6171875
pdq,Rescale,250000,0.6171875
pdq,Rescale,250000,0.6171875
pdq,Rescale,250000,0.6171875
pdq,Rescale,250000,0.6171875
pdq,Rescale,250000,0.6171875
pdq,Rescale,250000,0.6171875
pdq,Rescale,250000,0.6171875
pdq,Rescale,250000,0.6171875
pdq,Rescale,250000,0.6171875
pdq,Rescale,250000,0.6171875
pdq,Rescale,250000,0.6171875
pdq,Rescale,250000,0.6171875
pdq,Rescale,250000,0.6171875
pdq,Rescale,250000,0.6171875
pdq,Rescale,250000,0.6171875
pdq,Rescale,250000,0.6171875
pdq,Rescale,250000,0.6171875
pdq,Rescale,250000,0.6171875
pdq,Rescale,250000,0.6171875
pdq,Rescale,250000,0.625
pdq,Rescale,250000,0.6171875
pdq,Rescale,250000,0.6171875
pdq,Rescale,250000,0.6171875
pdq,Rescale,250000,0.6171875
pdq,Rescale,250000,0.6171875
pdq,Rescale,250000,0.6171875
pdq,Rescale,250000,0.6171875
pdq,Rescale,250000,0.6171875
pdq,Rescale,250000,0.6171875
pdq,Rescale,250000,0.6171875
pdq,Rescale,250000,0.6171875
pdq,Rescale,250000,0.6171875
pdq,Rescale,250000,0.6171875
pdq,Rescale,250000,0.6171875
pdq,Rescale,250000,0.6171875
pdq,Rescale,250000,0.6171875
pdq,Rescale,250000,0.6171875
pdq,Rescale,250000,0.6171875
pdq,Rescale,250000,0.6171875
pdq,Rescale,250000,0.625
pdq,Rescale,250000,0.6171875
pdq,Rescale,250000,0.6171875
pdq,Rescale,250000,0.6171875
pdq,Rescale,250000,0.6171875
pdq,Rescale,250000,0.6171875
pdq,Rescale,250000,0.6171875
pdq,Rescale,250000,0.6171875
pdq,Rescale,250000,0.6171875
pdq,Rescale,250000,0.6171875
pdq,Rescale,250000,0.6171875
pdq,Rescale,250000,0.6171875
pdq,Rescale,250000,0.6171875
pdq,Rescale,250000,0.625
pdq,Rescale,250000,0.625
pdq,Rescale,250000,0.6171875
pdq,Rescale,250000,0.6171875
pdq,Rescale,250000,0.6171875
pdq,Rescale,250000,0.6171875
pdq,Rescale,250000,0.6171875
pdq,Rescale,250000,0.6171875
pdq,Rescale,250000,0.6171875
pdq,Rescale,250000,0.6171875
pdq,Rescale,250000,0.6171875
pdq,Rescale,250000,0.6171875
pdq,Rescale,250000,0.6171875
pdq,Rescale,250000,0.6171875
pdq,Rescale,250000,0.6171875
pdq,Rescale,250000,0.6171875
pdq,Rescale,250000,0.6171875
pdq,Rescale,250000,0.6171875
pdq,Rescale,250000,0.6171875
pdq,Rescale,250000,0.6171875
pdq,Rescale,250000,0.6171875
pdq,Rescale,250000,0.6171875
pdq,Rescale,250000,0.6171875
pdq,Rescale,250000,0.6171875
pdq,Rescale,250000,0.6171875
pdq,Rescale,250000,0.6171875
pdq,Rescale,250000,0.6171875
pdq,Rescale,250000,0.6171875
pdq,Rescale,250000,0.6171875
pdq,Rescale,250000,0.6171875
pdq,Rescale,250000,0.6171875
pdq,Rescale,250000,0.6171875
pdq,Rescale,250000,0.6171875
pdq,Rescale,250000,0.6171875
pdq,Rescale,250000,0.6171875
pdq,Rescale,250000,0.6171875
pdq,Rescale,250000,0.6171875
pdq,Rescale,250000,0.6171875
pdq,Rescale,250000,0.625
pdq,Rescale,250000,0.6171875
pdq,Rescale,250000,0.6171875
pdq,Rescale,250000,0.6171875
pdq,Rescale,250000,0.6171875
pdq,Watermark,250000,0.6171875
pdq,Watermark,250000,0.6171875
pdq,Watermark,250000,0.6171875
pdq,Watermark,250000,0.6171875
pdq,Watermark,250000,0.6171875
pdq,Watermark,250000,0.6171875
pdq,Watermark,250000,0.6171875
pdq,Watermark,250000,0.6171875
pdq,Watermark,250000,0.6171875
pdq,Watermark,250000,0.6171875
pdq,Watermark,250000,0.6171875
pdq,Watermark,250000,0.6171875
pdq,Watermark,250000,0.6171875
pdq,Watermark,250000,0.6171875
pdq,Watermark,250000,0.6171875
pdq,Watermark,250000,0.6171875
pdq,Watermark,250000,0.6171875
pdq,Watermark,250000,0.6171875
pdq,Watermark,250000,0.6171875
pdq,Watermark,250000,0.6171875
pdq,Watermark,250000,0.6171875
pdq,Watermark,250000,0.6171875
pdq,Watermark,250000,0.6171875
pdq,Watermark,250000,0.609375
pdq,Watermark,250000,0.6171875
pdq,Watermark,250000,0.6171875
pdq,Watermark,250000,0.6171875
pdq,Watermark,250000,0.6171875
pdq,Watermark,250000,0.6171875
pdq,Watermark,250000,0.6171875
pdq,Watermark,250000,0.6171875
pdq,Watermark,250000,0.6171875
pdq,Watermark,250000,0.6171875
pdq,Watermark,250000,0.6171875
pdq,Watermark,250000,0.6171875
pdq,Watermark,250000,0.6171875
pdq,Watermark,250000,0.6171875
pdq,Watermark,250000,0.6171875
pdq,Watermark,250000,0.6171875
pdq,Watermark,250000,0.6171875
pdq,Watermark,250000,0.6171875
pdq,Watermark,250000,0.6171875
pdq,Watermark,250000,0.6171875
pdq,Watermark,250000,0.6171875
pdq,Watermark,250000,0.6171875
pdq,Watermark,250000,0.6171875
pdq,Watermark,250000,0.6171875
pdq,Watermark,250000,0.6171875
pdq,Watermark,250000,0.6171875
pdq,Watermark,250000,0.6171875
pdq,Watermark,250000,0.6171875
pdq,Watermark,250000,0.6171875
pdq,Watermark,250000,0.6171875
pdq,Watermark,250000,0.6171875
pdq,Watermark,250000,0.6171875
pdq,Watermark,250000,0.6171875
pdq,Watermark,250000,0.6171875
pdq,Watermark,250000,0.6171875
pdq,Watermark,250000,0.6171875
pdq,Watermark,250000,0.6171875
pdq,Watermark,250000,0.6171875
pdq,Watermark,250000,0.6171875
pdq,Watermark,250000,0.6171875
pdq,Watermark,250000,0.6171875
pdq,Watermark,250000,0.6171875
pdq,Watermark,250000,0.6171875
pdq,Watermark,250000,0.6171875
pdq,Watermark,250000,0.6171875
pdq,Watermark,250000,0.6171875
pdq,Watermark,250000,0.6171875
pdq,Watermark,250000,0.6171875
pdq,Watermark,250000,0.6171875
pdq,Watermark,250000,0.6171875
pdq,Watermark,250000,0.6171875
pdq,Watermark,250000,0.6171875
pdq,Watermark,250000,0.6171875
pdq,Watermark,250000,0.6171875
pdq,Watermark,250000,0.6171875
pdq,Watermark,250000,0.6171875
pdq,Watermark,250000,0.6171875
pdq,Watermark,250000,0.6171875
pdq,Watermark,250000,0.6171875
pdq,Watermark,250000,0.6171875
pdq,Watermark,250000,0.6171875
pdq,Watermark,250000,0.6171875
pdq,Watermark,250000,0.6171875
pdq,Watermark,250000,0.6171875
pdq,Watermark,250000,0.6171875
pdq,Watermark,250000,0.6171875
pdq,Watermark,250000,0.6171875
pdq,Watermark,250000,0.6171875
pdq,Watermark,250000,0.6171875
pdq,Watermark,250000,0.6171875
pdq,Watermark,250000,0.6171875
pdq,Watermark,250000,0.6171875
pdq,Watermark,250000,0.6171875
pdq,Watermark,250000,0.6171875
pdq,Watermark,250000,0.6171875
pdq,Watermark,250000,0.6171875
pdq,Watermark,250000,0.6171875
pdq,Watermark,250000,0.6171875
pdq,Watermark,250000,0.6171875
pdq,Watermark,250000,0.6171875
pdq,Watermark,250000,0.6171875
pdq,Watermark,250000,0.6171875
pdq,Watermark,250000,0.6171875
pdq,Watermark,250000,0.6171875
pdq,Watermark,250000,0.6171875
pdq,Watermark,250000,0.6171875
pdq,Watermark,250000,0.6171875
pdq,Watermark,250000,0.6171875
pdq,Watermark,250000,0.6171875
pdq,Watermark,250000,0.6171875
pdq,Watermark,250000,0.6171875
pdq,Watermark,250000,0.6171875
pdq,Watermark,250000,0.6171875
pdq,Watermark,250000,0.6171875
pdq,Watermark,250000,0.6171875
pdq,Watermark,250000,0.6171875
pdq,Watermark,250000,0.6171875
pdq,Watermark,250000,0.6171875
pdq,Watermark,250000,0.6171875
pdq,Watermark,250000,0.6171875
pdq,Watermark,250000,0.6171875
pdq,Watermark,250000,0.6171875
pdq,Watermark,250000,0.6171875
pdq,Watermark,250000,0.6171875
pdq,Watermark,250000,0.6171875
pdq,Watermark,250000,0.6171875
pdq,Watermark,250000,0.6171875
pdq,Watermark,250000,0.6171875
pdq,Watermark,250000,0.6171875
pdq,Watermark,250000,0.6171875
pdq,Watermark,250000,0.6171875
pdq,Watermark,250000,0.6171875
pdq,Watermark,250000,0.6171875
pdq,Watermark,250000,0.6171875
pdq,Watermark,250000,0.6171875
pdq,Watermark,250000,0.6171875
pdq,Watermark,250000,0.6171875
pdq,Watermark,250000,0.6171875
pdq,Watermark,250000,0.6171875
pdq,Watermark,250000,0.6171875
pdq,Watermark,250000,0.6171875
pdq,Watermark,250000,0.6171875
pdq,Watermark,250000,0.6171875
pdq,Watermark,250000,0.6171875
pdq,Watermark,250000,0.6171875
pdq,Watermark,250000,0.6171875
pdq,Watermark,250000,0.6171875
pdq,Watermark,250000,0.6171875
pdq,Watermark,250000,0.6171875
pdq,Watermark,250000,0.6171875
pdq,Watermark,250000,0.6171875
pdq,Watermark,250000,0.6171875
pdq,Watermark,250000,0.6171875
pdq,Watermark,250000,0.6171875
pdq,Watermark,250000,0.6171875
pdq,Watermark,250000,0.6171875
pdq,Watermark,250000,0.6171875
pdq,Watermark,250000,0.6171875
pdq,Watermark,250000,0.6171875
pdq,Watermark,250000,0.6171875
pdq,Watermark,250000,0.6171875
pdq,Watermark,250000,0.6171875
pdq,Watermark,250000,0.6171875
pdq,Watermark,250000,0.6171875
pdq,Watermark,250000,0.6171875
pdq,Watermark,250000,0.6171875
pdq,Watermark,250000,0.6171875
pdq,Watermark,250000,0.6171875
pdq,Watermark,250000,0.6171875
pdq,Watermark,250000,0.6171875
pdq,Watermark,250000,0.6171875
pdq,Watermark,250000,0.6171875
pdq,Watermark,250000,0.6171875
pdq,Watermark,250000,0.6171875
pdq,Watermark,250000,0.6171875
pdq,Watermark,250000,0.6171875
pdq,Watermark,250000,0.6171875
pdq,Watermark,250000,0.6171875
pdq,Watermark,250000,0.6171875
pdq,Watermark,250000,0.6171875
pdq,Watermark,250000,0.6171875
pdq,Watermark,250000,0.6171875
pdq,Watermark,250000,0.6171875
pdq,Watermark,250000,0.6171875
pdq,Watermark,250000,0.6171875
pdq,Watermark,250000,0.6171875
pdq,Watermark,250000,0.6171875
pdq,Watermark,250000,0.6171875
pdq,Watermark,250000,0.6171875
pdq,Watermark,250000,0.6171875
pdq,Watermark,250000,0.6171875
pdq,Watermark,250000,0.6171875
pdq,Watermark,250000,0.6171875
pdq,Watermark,250000,0.6171875
pdq,Watermark,250000,0.6171875
pdq,Watermark,250000,0.6171875
pdq,Watermark,250000,0.6171875
pdq,Watermark,250000,0.6171875
pdq,Watermark,250000,0.6171875
pdq,Watermark,250000,0.6171875
pdq,Watermark,250000,0.6171875
pdq,Watermark,250000,0.6171875
pdq,Watermark,250000,0.6171875
pdq,Watermark,250000,0.6171875
pdq,Watermark,250000,0.6171875
pdq,Watermark,250000,0.6171875
pdq,Watermark,250000,0.6171875
pdq,Watermark,250000,0.6171875
pdq,Watermark,250000,0.6171875
pdq,Watermark,250000,0.6171875
pdq,Watermark,250000,0.6171875
pdq,Watermark,250000,0.6171875
pdq,Watermark,250000,0.6171875
pdq,Watermark,250000,0.6171875
pdq,Watermark,250000,0.6171875
pdq,Watermark,250000,0.6171875
pdq,Watermark,250000,0.6171875
pdq,Watermark,250000,0.6171875
pdq,Watermark,250000,0.6171875
pdq,Watermark,250000,0.6171875
pdq,Watermark,250000,0.6171875
pdq,Watermark,250000,0.6171875
pdq,Watermark,250000,0.6171875
pdq,Watermark,250000,0.6171875
pdq,Watermark,250000,0.6171875
pdq,Watermark,250000,0.6171875
pdq,Watermark,250000,0.6171875
pdq,Watermark,250000,0.6171875
pdq,Watermark,250000,0.6171875
pdq,Watermark,250000,0.6171875
pdq,Watermark,250000,0.6171875
pdq,Watermark,250000,0.6171875
pdq,Watermark,250000,0.6171875
pdq,Watermark,250000,0.6171875
pdq,Watermark,250000,0.6171875
pdq,Watermark,250000,0.6171875
pdq,Watermark,250000,0.6171875
pdq,Watermark,250000,0.6171875
pdq,Watermark,250000,0.6171875
pdq,Watermark,250000,0.6171875
pdq,Watermark,250000,0.6171875
pdq,Watermark,250000,0.6171875
pdq,Watermark,250000,0.6171875
pdq,Watermark,250000,0.6171875
pdq,Watermark,250000,0.6171875
pdq,Watermark,250000,0.6171875
pdq,Watermark,250000,0.6171875
pdq,Flip,250000,0.5078125
pdq,Flip,250000,0.5078125
pdq,Flip,250000,0.50390625
pdq,Flip,250000,0.5078125
pdq,Flip,250000,0.5078125
pdq,Flip,250000,0.5078125
pdq,Flip,250000,0.5078125
pdq,Flip,250000,0.5078125
pdq,Flip,250000,0.5078125
pdq,Flip,250000,0.5078125
pdq,Flip,250000,0.5078125
pdq,Flip,250000,0.5078125
pdq,Flip,250000,0.5078125
pdq,Flip,250000,0.5078125
pdq,Flip,250000,0.5078125
pdq,Flip,250000,0.5078125
pdq,Flip,250000,0.5078125
pdq,Flip,250000,0.5078125
pdq,Flip,250000,0.5078125
pdq,Flip,250000,0.5078125
pdq,Flip,250000,0.5078125
pdq,Flip,250000,0.5078125
pdq,Flip,250000,0.5078125
pdq,Flip,250000,0.5078125
pdq,Flip,250000,0.5078125
pdq,Flip,250000,0.5078125
pdq,Flip,250000,0.50390625
pdq,Flip,250000,0.5078125
pdq,Flip,250000,0.5078125
pdq,Flip,250000,0.5078125
pdq,Flip,250000,0.5078125
pdq,Flip,250000,0.5078125
pdq,Flip,250000,0.50390625
pdq,Flip,250000,0.5078125
pdq,Flip,250000,0.5078125
pdq,Flip,250000,0.5078125
pdq,Flip,250000,0.5078125
pdq,Flip,250000,0.5078125
pdq,Flip,250000,0.5078125
pdq,Flip,250000,0.5078125
pdq,Flip,250000,0.5078125
pdq,Flip,250000,0.5078125
pdq,Flip,250000,0.5078125
pdq,Flip,250000,0.5078125
pdq,Flip,250000,0.5078125
pdq,Flip,250000,0.5078125
pdq,Flip,250000,0.5078125
pdq,Flip,250000,0.5078125
pdq,Flip,250000,0.5078125
pdq,Flip,250000,0.5078125
pdq,Flip,250000,0.5078125
pdq,Flip,250000,0.5078125
pdq,Flip,250000,0.5078125
pdq,Flip,250000,0.5078125
pdq,Flip,250000,0.5078125
pdq,Flip,250000,0.5078125
pdq,Flip,250000,0.5078125
pdq,Flip,250000,0.5078125
pdq,Flip,250000,0.5078125
pdq,Flip,250000,0.5078125
pdq,Flip,250000,0.5078125
pdq,Flip,250000,0.5078125
pdq,Flip,250000,0.5078125
pdq,Flip,250000,0.5078125
pdq,Flip,250000,0.5078125
pdq,Flip,250000,0.5078125
pdq,Flip,250000,0.5078125
pdq,Flip,250000,0.5078125
pdq,Flip,250000,0.5078125
pdq,Flip,250000,0.5078125
pdq,Flip,250000,0.5078125
pdq,Flip,250000,0.5078125
pdq,Flip,250000,0.5078125
pdq,Flip,250000,0.5078125
pdq,Flip,250000,0.5078125
pdq,Flip,250000,0.5078125
pdq,Flip,250000,0.5078125
pdq,Flip,250000,0.5078125
pdq,Flip,250000,0.5078125
pdq,Flip,250000,0.5078125
pdq,Flip,250000,0.5078125
pdq,Flip,250000,0.5078125
pdq,Flip,250000,0.5078125
pdq,Flip,250000,0.5078125
pdq,Flip,250000,0.5078125
pdq,Flip,250000,0.5078125
pdq,Flip,250000,0.5078125
pdq,Flip,250000,0.5078125
pdq,Flip,250000,0.50390625
pdq,Flip,250000,0.5078125
pdq,Flip,250000,0.5078125
pdq,Flip,250000,0.5078125
pdq,Flip,250000,0.5078125
pdq,Flip,250000,0.5078125
pdq,Flip,250000,0.5078125
pdq,Flip,250000,0.5078125
pdq,Flip,250000,0.5078125
pdq,Flip,250000,0.5078125
pdq,Flip,250000,0.5078125
pdq,Flip,250000,0.5078125
pdq,Flip,250000,0.5078125
pdq,Flip,250000,0.5078125
pdq,Flip,250000,0.5078125
pdq,Flip,250000,0.5078125
pdq,Flip,250000,0.5078125
pdq,Flip,250000,0.5078125
pdq,Flip,250000,0.5078125
pdq,Flip,250000,0.5078125
pdq,Flip,250000,0.5078125
pdq,Flip,250000,0.5078125
pdq,Flip,250000,0.5078125
pdq,Flip,250000,0.5078125
pdq,Flip,250000,0.5078125
pdq,Flip,250000,0.5078125
pdq,Flip,250000,0.5078125
pdq,Flip,250000,0.5078125
pdq,Flip,250000,0.5078125
pdq,Flip,250000,0.5078125
pdq,Flip,250000,0.5078125
pdq,Flip,250000,0.5078125
pdq,Flip,250000,0.5078125
pdq,Flip,250000,0.5078125
pdq,Flip,250000,0.5078125
pdq,Flip,250000,0.50390625
pdq,Flip,250000,0.5078125
pdq,Flip,250000,0.5078125
pdq,Flip,250000,0.5078125
pdq,Flip,250000,0.5078125
pdq,Flip,250000,0.5078125
pdq,Flip,250000,0.5078125
pdq,Flip,250000,0.5078125
pdq,Flip,250000,0.5078125
pdq,Flip,250000,0.5078125
pdq,Flip,250000,0.5078125
pdq,Flip,250000,0.5078125
pdq,Flip,250000,0.5078125
pdq,Flip,250000,0.5078125
pdq,Flip,250000,0.5078125
pdq,Flip,250000,0.5078125
pdq,Flip,250000,0.5078125
pdq,Flip,250000,0.5078125
pdq,Flip,250000,0.5078125
pdq,Flip,250000,0.5078125
pdq,Flip,250000,0.5078125
pdq,Flip,250000,0.5078125
pdq,Flip,250000,0.5078125
pdq,Flip,250000,0.5078125
pdq,Flip,250000,0.5078125
pdq,Flip,250000,0.5078125
pdq,Flip,250000,0.50390625
pdq,Flip,250000,0.5078125
pdq,Flip,250000,0.5078125
pdq,Flip,250000,0.5078125
pdq,Flip,250000,0.5078125
pdq,Flip,250000,0.5078125
pdq,Flip,250000,0.5078125
pdq,Flip,250000,0.5078125
pdq,Flip,250000,0.5078125
pdq,Flip,250000,0.5078125
pdq,Flip,250000,0.50390625
pdq,Flip,250000,0.5078125
pdq,Flip,250000,0.50390625
pdq,Flip,250000,0.5078125
pdq,Flip,250000,0.5078125
pdq,Flip,250000,0.5078125
pdq,Flip,250000,0.5078125
pdq,Flip,250000,0.5078125
pdq,Flip,250000,0.5078125
pdq,Flip,250000,0.5078125
pdq,Flip,250000,0.5078125
pdq,Flip,250000,0.5078125
pdq,Flip,250000,0.5078125
pdq,Flip,250000,0.5078125
pdq,Flip,250000,0.5078125
pdq,Flip,250000,0.5078125
pdq,Flip,250000,0.5078125
pdq,Flip,250000,0.5078125
pdq,Flip,250000,0.50390625
pdq,Flip,250000,0.5078125
pdq,Flip,250000,0.5078125
pdq,Flip,250000,0.5078125
pdq,Flip,250000,0.5078125
pdq,Flip,250000,0.5078125
pdq,Flip,250000,0.5078125
pdq,Flip,250000,0.5078125
pdq,Flip,250000,0.5078125
pdq,Flip,250000,0.5078125
pdq,Flip,250000,0.5078125
pdq,Flip,250000,0.5078125
pdq,Flip,250000,0.5078125
pdq,Flip,250000,0.5078125
pdq,Flip,250000,0.5078125
pdq,Flip,250000,0.5078125
pdq,Flip,250000,0.5078125
pdq,Flip,250000,0.5078125
pdq,Flip,250000,0.5078125
pdq,Flip,250000,0.50390625
pdq,Flip,250000,0.5078125
pdq,Flip,250000,0.5078125
pdq,Flip,250000,0.5078125
pdq,Flip,250000,0.5078125
pdq,Flip,250000,0.5078125
pdq,Flip,250000,0.5078125
pdq,Flip,250000,0.5078125
pdq,Flip,250000,0.5078125
pdq,Flip,250000,0.5078125
pdq,Flip,250000,0.5078125
pdq,Flip,250000,0.5078125
pdq,Flip,250000,0.5078125
pdq,Flip,250000,0.5078125
pdq,Flip,250000,0.5078125
pdq,Flip,250000,0.5078125
pdq,Flip,250000,0.5078125
pdq,Flip,250000,0.5078125
pdq,Flip,250000,0.5078125
pdq,Flip,250000,0.5078125
pdq,Flip,250000,0.5078125
pdq,Flip,250000,0.5078125
pdq,Flip,250000,0.5078125
pdq,Flip,250000,0.5078125
pdq,Flip,250000,0.5078125
pdq,Flip,250000,0.5078125
pdq,Flip,250000,0.5078125
pdq,Flip,250000,0.5078125
pdq,Flip,250000,0.5078125
pdq,Flip,250000,0.5078125
pdq,Flip,250000,0.5078125
pdq,Flip,250000,0.5078125
pdq,Flip,250000,0.5078125
pdq,Flip,250000,0.5078125
pdq,Flip,250000,0.5078125
pdq,Flip,250000,0.5078125
pdq,Flip,250000,0.5078125
pdq,Flip,250000,0.5078125
pdq,Flip,250000,0.5078125
pdq,Flip,250000,0.5078125
pdq,Flip,250000,0.5078125
pdq,Flip,250000,0.5078125
pdq,Flip,250000,0.5078125
pdq,Flip,250000,0.5078125
pdq,Flip,250000,0.5078125
pdq,Flip,250000,0.5078125
pdq,Flip,250000,0.5078125
pdq,Flip,250000,0.5078125
pdq,Flip,250000,0.5078125
pdq,Flip,250000,0.50390625
pdq,Flip,250000,0.50390625
pdq,Flip,250000,0.5078125
pdq,Flip,250000,0.5078125
pdq,Flip,250000,0.5078125
wave,Rescale,250000,0.921875
wave,Rescale,250000,0.921875
wave,Rescale,250000,0.921875
wave,Rescale,250000,0.921875
wave,Rescale,250000,0.921875
wave,Rescale,250000,0.921875
wave,Rescale,250000,0.921875
wave,Rescale,250000,0.921875
wave,Rescale,250000,0.921875
wave,Rescale,250000,0.921875
wave,Rescale,250000,0.921875
wave,Rescale,250000,0.921875
wave,Rescale,250000,0.921875
wave,Rescale,250000,0.921875
wave,Rescale,250000,0.921875
wave,Rescale,250000,0.921875
wave,Rescale,250000,0.921875
wave,Rescale,250000,0.921875
wave,Rescale,250000,0.921875
wave,Rescale,250000,0.921875
wave,Rescale,250000,0.921875
wave,Rescale,250000,0.921875
wave,Rescale,250000,0.921875
wave,Rescale,250000,0.921875
wave,Rescale,250000,0.921875
wave,Rescale,250000,0.921875
wave,Rescale,250000,0.921875
wave,Rescale,250000,0.921875
wave,Rescale,250000,0.921875
wave,Rescale,250000,0.921875
wave,Rescale,250000,0.921875
wave,Rescale,250000,0.921875
wave,Rescale,250000,0.921875
wave,Rescale,250000,0.921875
wave,Rescale,250000,0.921875
wave,Rescale,250000,0.921875
wave,Rescale,250000,0.921875
wave,Rescale,250000,0.921875
wave,Rescale,250000,0.921875
wave,Rescale,250000,0.921875
wave,Rescale,250000,0.921875
wave,Rescale,250000,0.921875
wave,Rescale,250000,0.921875
wave,Rescale,250000,0.921875
wave,Rescale,250000,0.921875
wave,Rescale,250000,0.921875
wave,Rescale,250000,0.921875
wave,Rescale,250000,0.921875
wave,Rescale,250000,0.921875
wave,Rescale,250000,0.921875
wave,Rescale,250000,0.921875
wave,Rescale,250000,0.921875
wave,Rescale,250000,0.921875
wave,Rescale,250000,0.921875
wave,Rescale,250000,0.921875
wave,Rescale,250000,0.921875
wave,Rescale,250000,0.921875
wave,Rescale,250000,0.921875
wave,Rescale,250000,0.921875
wave,Rescale,250000,0.921875
wave,Rescale,250000,0.921875
wave,Rescale,250000,0.921875
wave,Rescale,250000,0.921875
wave,Rescale,250000,0.921875
wave,Rescale,250000,0.921875
wave,Rescale,250000,0.921875
wave,Rescale,250000,0.921875
wave,Rescale,250000,0.921875
wave,Rescale,250000,0.921875
wave,Rescale,250000,0.921875
wave,Rescale,250000,0.921875
wave,Rescale,250000,0.921875
wave,Rescale,250000,0.921875
wave,Rescale,250000,0.921875
wave,Rescale,250000,0.921875
wave,Rescale,250000,0.921875
wave,Rescale,250000,0.921875
wave,Rescale,250000,0.921875
wave,Rescale,250000,0.921875
wave,Rescale,250000,0.921875
wave,Rescale,250000,0.921875
wave,Rescale,250000,0.921875
wave,Rescale,250000,0.921875
wave,Rescale,250000,0.921875
wave,Rescale,250000,0.921875
wave,Rescale,250000,0.921875
wave,Rescale,250000,0.921875
wave,Rescale,250000,0.921875
wave,Rescale,250000,0.921875
wave,Rescale,250000,0.921875
wave,Rescale,250000,0.921875
wave,Rescale,250000,0.921875
wave,Rescale,250000,0.921875
wave,Rescale,250000,0.921875
wave,Rescale,250000,0.921875
wave,Rescale,250000,0.921875
wave,Rescale,250000,0.921875
wave,Rescale,250000,0.921875
wave,Rescale,250000,0.921875
wave,Rescale,250000,0.921875
wave,Rescale,250000,0.921875
wave,Rescale,250000,0.921875
wave,Rescale,250000,0.921875
wave,Rescale,250000,0.921875
wave,Rescale,250000,0.921875
wave,Rescale,250000,0.921875
wave,Rescale,250000,0.921875
wave,Rescale,250000,0.921875
wave,Rescale,250000,0.921875
wave,Rescale,250000,0.921875
wave,Rescale,250000,0.921875
wave,Rescale,250000,0.921875
wave,Rescale,250000,0.921875
wave,Rescale,250000,0.921875
wave,Rescale,250000,0.921875
wave,Rescale,250000,0.921875
wave,Rescale,250000,0.921875
wave,Rescale,250000,0.921875
wave,Rescale,250000,0.921875
wave,Rescale,250000,0.921875
wave,Rescale,250000,0.921875
wave,Rescale,250000,0.921875
wave,Rescale,250000,0.921875
wave,Rescale,250000,0.921875
wave,Rescale,250000,0.921875
wave,Rescale,250000,0.921875
wave,Rescale,250000,0.921875
wave,Rescale,250000,0.921875
wave,Rescale,250000,0.921875
wave,Rescale,250000,0.921875
wave,Rescale,250000,0.921875
wave,Rescale,250000,0.921875
wave,Rescale,250000,0.921875
wave,Rescale,250000,0.921875
wave,Rescale,250000,0.921875
wave,Rescale,250000,0.921875
wave,Rescale,250000,0.921875
wave,Rescale,250000,0.921875
wave,Rescale,250000,0.921875
wave,Rescale,250000,0.921875
wave,Rescale,250000,0.921875
wave,Rescale,250000,0.921875
wave,Rescale,250000,0.921875
wave,Rescale,250000,0.921875
wave,Rescale,250000,0.921875
wave,Rescale,250000,0.921875
wave,Rescale,250000,0.921875
wave,Rescale,250000,0.921875
wave,Rescale,250000,0.921875
wave,Rescale,250000,0.921875
wave,Rescale,250000,0.921875
wave,Rescale,250000,0.921875
wave,Rescale,250000,0.921875
wave,Rescale,250000,0.921875
wave,Rescale,250000,0.921875
wave,Rescale,250000,0.921875
wave,Rescale,250000,0.921875
wave,Rescale,250000,0.921875
wave,Rescale,250000,0.921875
wave,Rescale,250000,0.921875
wave,Rescale,250000,0.921875
wave,Rescale,250000,0.921875
wave,Rescale,250000,0.921875
wave,Rescale,250000,0.921875
wave,Rescale,250000,0.921875
wave,Rescale,250000,0.921875
wave,Rescale,250000,0.921875
wave,Rescale,250000,0.921875
wave,Rescale,250000,0.921875
wave,Rescale,250000,0.921875
wave,Rescale,250000,0.921875
wave,Rescale,250000,0.921875
wave,Rescale,250000,0.921875
wave,Rescale,250000,0.921875
wave,Rescale,250000,0.921875
wave,Rescale,250000,0.921875
wave,Rescale,250000,0.921875
wave,Rescale,250000,0.921875
wave,Rescale,250000,0.921875
wave,Rescale,250000,0.921875
wave,Rescale,250000,0.921875
wave,Rescale,250000,0.921875
wave,Rescale,250000,0.921875
wave,Rescale,250000,0.921875
wave,Rescale,250000,0.921875
wave,Rescale,250000,0.921875
wave,Rescale,250000,0.921875
wave,Rescale,250000,0.921875
wave,Rescale,250000,0.921875
wave,Rescale,250000,0.921875
wave,Rescale,250000,0.921875
wave,Rescale,250000,0.921875
wave,Rescale,250000,0.921875
wave,Rescale,250000,0.921875
wave,Rescale,250000,0.921875
wave,Rescale,250000,0.921875
wave,Rescale,250000,0.921875
wave,Rescale,250000,0.921875
wave,Rescale,250000,0.921875
wave,Rescale,250000,0.921875
wave,Rescale,250000,0.921875
wave,Rescale,250000,0.921875
wave,Rescale,250000,0.921875
wave,Rescale,250000,0.921875
wave,Rescale,250000,0.921875
wave,Rescale,250000,0.921875
wave,Rescale,250000,0.921875
wave,Rescale,250000,0.921875
wave,Rescale,250000,0.921875
wave,Rescale,250000,0.921875
wave,Rescale,250000,0.921875
wave,Rescale,250000,0.921875
wave,Rescale,250000,0.921875
wave,Rescale,250000,0.921875
wave,Rescale,250000,0.921875
wave,Rescale,250000,0.921875
wave,Rescale,250000,0.921875
wave,Rescale,250000,0.921875
wave,Rescale,250000,0.921875
wave,Rescale,250000,0.921875
wave,Rescale,250000,0.921875
wave,Rescale,250000,0.921875
wave,Rescale,250000,0.921875
wave,Rescale,250000,0.921875
wave,Rescale,250000,0.921875
wave,Rescale,250000,0.921875
wave,Rescale,250000,0.921875
wave,Rescale,250000,0.921875
wave,Rescale,250000,0.921875
wave,Rescale,250000,0.921875
wave,Rescale,250000,0.921875
wave,Rescale,250000,0.921875
wave,Rescale,250000,0.921875
wave,Rescale,250000,0.921875
wave,Rescale,250000,0.921875
wave,Rescale,250000,0.921875
wave,Rescale,250000,0.921875
wave,Rescale,250000,0.921875
wave,Rescale,250000,0.921875
wave,Rescale,250000,0.921875
wave,Rescale,250000,0.921875
wave,Rescale,250000,0.921875
wave,Rescale,250000,0.921875
wave,Rescale,250000,0.921875
wave,Rescale,250000,0.921875
wave,Rescale,250000,0.921875
wave,Rescale,250000,0.921875
wave,Rescale,250000,0.921875
wave,Rescale,250000,0.921875
wave,Rescale,250000,0.921875
wave,Watermark,250000,0.859375
wave,Watermark,250000,0.859375
wave,Watermark,250000,0.859375
wave,Watermark,250000,0.859375
wave,Watermark,250000,0.859375
wave,Watermark,250000,0.859375
wave,Watermark,250000,0.859375
wave,Watermark,250000,0.859375
wave,Watermark,250000,0.859375
wave,Watermark,250000,0.859375
wave,Watermark,250000,0.859375
wave,Watermark,250000,0.859375
wave,Watermark,250000,0.859375
wave,Watermark,250000,0.859375
wave,Watermark,250000,0.859375
wave,Watermark,250000,0.859375
wave,Watermark,250000,0.859375
wave,Watermark,250000,0.859375
wave,Watermark,250000,0.859375
wave,Watermark,250000,0.859375
wave,Watermark,250000,0.859375
wave,Watermark,250000,0.859375
wave,Watermark,250000,0.859375
wave,Watermark,250000,0.859375
wave,Watermark,250000,0.859375
wave,Watermark,250000,0.859375
wave,Watermark,250000,0.859375
wave,Watermark,250000,0.859375
wave,Watermark,250000,0.859375
wave,Watermark,250000,0.859375
wave,Watermark,250000,0.859375
wave,Watermark,250000,0.859375
wave,Watermark,250000,0.859375
wave,Watermark,250000,0.859375
wave,Watermark,250000,0.859375
wave,Watermark,250000,0.859375
wave,Watermark,250000,0.859375
wave,Watermark,250000,0.859375
wave,Watermark,250000,0.859375
wave,Watermark,250000,0.859375
wave,Watermark,250000,0.859375
wave,Watermark,250000,0.859375
wave,Watermark,250000,0.859375
wave,Watermark,250000,0.859375
wave,Watermark,250000,0.859375
wave,Watermark,250000,0.859375
wave,Watermark,250000,0.859375
wave,Watermark,250000,0.859375
wave,Watermark,250000,0.859375
wave,Watermark,250000,0.859375
wave,Watermark,250000,0.859375
wave,Watermark,250000,0.859375
wave,Watermark,250000,0.859375
wave,Watermark,250000,0.859375
wave,Watermark,250000,0.859375
wave,Watermark,250000,0.859375
wave,Watermark,250000,0.859375
wave,Watermark,250000,0.859375
wave,Watermark,250000,0.859375
wave,Watermark,250000,0.859375
wave,Watermark,250000,0.859375
wave,Watermark,250000,0.859375
wave,Watermark,250000,0.859375
wave,Watermark,250000,0.859375
wave,Watermark,250000,0.859375
wave,Watermark,250000,0.859375
wave,Watermark,250000,0.859375
wave,Watermark,250000,0.859375
wave,Watermark,250000,0.859375
wave,Watermark,250000,0.859375
wave,Watermark,250000,0.859375
wave,Watermark,250000,0.859375
wave,Watermark,250000,0.859375
wave,Watermark,250000,0.859375
wave,Watermark,250000,0.859375
wave,Watermark,250000,0.859375
wave,Watermark,250000,0.859375
wave,Watermark,250000,0.859375
wave,Watermark,250000,0.859375
wave,Watermark,250000,0.859375
wave,Watermark,250000,0.859375
wave,Watermark,250000,0.859375
wave,Watermark,250000,0.859375
wave,Watermark,250000,0.859375
wave,Watermark,250000,0.859375
wave,Watermark,250000,0.859375
wave,Watermark,250000,0.859375
wave,Watermark,250000,0.859375
wave,Watermark,250000,0.859375
wave,Watermark,250000,0.859375
wave,Watermark,250000,0.859375
wave,Watermark,250000,0.859375
wave,Watermark,250000,0.859375
wave,Watermark,250000,0.859375
wave,Watermark,250000,0.859375
wave,Watermark,250000,0.859375
wave,Watermark,250000,0.859375
wave,Watermark,250000,0.859375
wave,Watermark,250000,0.859375
wave,Watermark,250000,0.859375
wave,Watermark,250000,0.859375
wave,Watermark,250000,0.859375
wave,Watermark,250000,0.859375
wave,Watermark,250000,0.859375
wave,Watermark,250000,0.859375
wave,Watermark,250000,0.859375
wave,Watermark,250000,0.859375
wave,Watermark,250000,0.859375
wave,Watermark,250000,0.859375
wave,Watermark,250000,0.859375
wave,Watermark,250000,0.859375
wave,Watermark,250000,0.859375
wave,Watermark,250000,0.859375
wave,Watermark,250000,0.859375
wave,Watermark,250000,0.859375
wave,Watermark,250000,0.859375
wave,Watermark,250000,0.859375
wave,Watermark,250000,0.859375
wave,Watermark,250000,0.859375
wave,Watermark,250000,0.859375
wave,Watermark,250000,0.859375
wave,Watermark,250000,0.859375
wave,Watermark,250000,0.859375
wave,Watermark,250000,0.859375
wave,Watermark,250000,0.859375
wave,Watermark,250000,0.859375
wave,Watermark,250000,0.859375
wave,Watermark,250000,0.859375
wave,Watermark,250000,0.859375
wave,Watermark,250000,0.859375
wave,Watermark,250000,0.859375
wave,Watermark,250000,0.859375
wave,Watermark,250000,0.859375
wave,Watermark,250000,0.859375
wave,Watermark,250000,0.859375
wave,Watermark,250000,0.859375
wave,Watermark,250000,0.859375
wave,Watermark,250000,0.859375
wave,Watermark,250000,0.859375
wave,Watermark,250000,0.859375
wave,Watermark,250000,0.859375
wave,Watermark,250000,0.859375
wave,Watermark,250000,0.859375
wave,Watermark,250000,0.859375
wave,Watermark,250000,0.859375
wave,Watermark,250000,0.859375
wave,Watermark,250000,0.859375
wave,Watermark,250000,0.859375
wave,Watermark,250000,0.859375
wave,Watermark,250000,0.859375
wave,Watermark,250000,0.859375
wave,Watermark,250000,0.859375
wave,Watermark,250000,0.859375
wave,Watermark,250000,0.859375
wave,Watermark,250000,0.859375
wave,Watermark,250000,0.859375
wave,Watermark,250000,0.859375
wave,Watermark,250000,0.859375
wave,Watermark,250000,0.859375
wave,Watermark,250000,0.859375
wave,Watermark,250000,0.859375
wave,Watermark,250000,0.859375
wave,Watermark,250000,0.859375
wave,Watermark,250000,0.859375
wave,Watermark,250000,0.859375
wave,Watermark,250000,0.859375
wave,Watermark,250000,0.859375
wave,Watermark,250000,0.859375
wave,Watermark,250000,0.859375
wave,Watermark,250000,0.859375
wave,Watermark,250000,0.859375
wave,Watermark,250000,0.859375
wave,Watermark,250000,0.859375
wave,Watermark,250000,0.859375
wave,Watermark,250000,0.859375
wave,Watermark,250000,0.859375
wave,Watermark,250000,0.859375
wave,Watermark,250000,0.859375
wave,Watermark,250000,0.859375
wave,Watermark,250000,0.859375
wave,Watermark,250000,0.859375
wave,Watermark,250000,0.859375
wave,Watermark,250000,0.859375
wave,Watermark,250000,0.859375
wave,Watermark,250000,0.859375
wave,Watermark,250000,0.859375
wave,Watermark,250000,0.859375
wave,Watermark,250000,0.859375
wave,Watermark,250000,0.859375
wave,Watermark,250000,0.859375
wave,Watermark,250000,0.859375
wave,Watermark,250000,0.859375
wave,Watermark,250000,0.859375
wave,Watermark,250000,0.859375
wave,Watermark,250000,0.859375
wave,Watermark,250000,0.859375
wave,Watermark,250000,0.859375
wave,Watermark,250000,0.859375
wave,Watermark,250000,0.859375
wave,Watermark,250000,0.859375
wave,Watermark,250000,0.859375
wave,Watermark,250000,0.859375
wave,Watermark,250000,0.875
wave,Watermark,250000,0.859375
wave,Watermark,250000,0.859375
wave,Watermark,250000,0.859375
wave,Watermark,250000,0.859375
wave,Watermark,250000,0.859375
wave,Watermark,250000,0.859375
wave,Watermark,250000,0.859375
wave,Watermark,250000,0.859375
wave,Watermark,250000,0.859375
wave,Watermark,250000,0.859375
wave,Watermark,250000,0.859375
wave,Watermark,250000,0.859375
wave,Watermark,250000,0.859375
wave,Watermark,250000,0.859375
wave,Watermark,250000,0.859375
wave,Watermark,250000,0.859375
wave,Watermark,250000,0.859375
wave,Watermark,250000,0.859375
wave,Watermark,250000,0.859375
wave,Watermark,250000,0.859375
wave,Watermark,250000,0.859375
wave,Watermark,250000,0.859375
wave,Watermark,250000,0.859375
wave,Watermark,250000,0.859375
wave,Watermark,250000,0.859375
wave,Watermark,250000,0.859375
wave,Watermark,250000,0.859375
wave,Watermark,250000,0.859375
wave,Watermark,250000,0.859375
wave,Watermark,250000,0.859375
wave,Watermark,250000,0.859375
wave,Watermark,250000,0.859375
wave,Watermark,250000,0.859375
wave,Watermark,250000,0.859375
wave,Watermark,250000,0.859375
wave,Watermark,250000,0.859375
wave,Watermark,250000,0.859375
wave,Watermark,250000,0.859375
wave,Watermark,250000,0.875
wave,Watermark,250000,0.859375
wave,Watermark,250000,0.859375
wave,Watermark,250000,0.859375
wave,Watermark,250000,0.859375
wave,Watermark,250000,0.859375
wave,Watermark,250000,0.859375
wave,Watermark,250000,0.859375
wave,Watermark,250000,0.859375
wave,Flip,250000,0.578125
wave,Flip,250000,0.578125
wave,Flip,250000,0.578125
wave,Flip,250000,0.578125
wave,Flip,250000,0.578125
wave,Flip,250000,0.578125
wave,Flip,250000,0.578125
wave,Flip,250000,0.578125
wave,Flip,250000,0.578125
wave,Flip,250000,0.578125
wave,Flip,250000,0.578125
wave,Flip,250000,0.578125
wave,Flip,250000,0.578125
wave,Flip,250000,0.578125
wave,Flip,250000,0.578125
wave,Flip,250000,0.578125
wave,Flip,250000,0.578125
wave,Flip,250000,0.578125
wave,Flip,250000,0.578125
wave,Flip,250000,0.578125
wave,Flip,250000,0.578125
wave,Flip,250000,0.578125
wave,Flip,250000,0.578125
wave,Flip,250000,0.578125
wave,Flip,250000,0.578125
wave,Flip,250000,0.578125
wave,Flip,250000,0.578125
wave,Flip,250000,0.578125
wave,Flip,250000,0.578125
wave,Flip,250000,0.578125
wave,Flip,250000,0.578125
wave,Flip,250000,0.578125
wave,Flip,250000,0.578125
wave,Flip,250000,0.578125
wave,Flip,250000,0.578125
wave,Flip,250000,0.578125
wave,Flip,250000,0.578125
wave,Flip,250000,0.578125
wave,Flip,250000,0.578125
wave,Flip,250000,0.578125
wave,Flip,250000,0.578125
wave,Flip,250000,0.578125
wave,Flip,250000,0.578125
wave,Flip,250000,0.578125
wave,Flip,250000,0.578125
wave,Flip,250000,0.578125
wave,Flip,250000,0.578125
wave,Flip,250000,0.578125
wave,Flip,250000,0.578125
wave,Flip,250000,0.578125
wave,Flip,250000,0.578125
wave,Flip,250000,0.578125
wave,Flip,250000,0.578125
wave,Flip,250000,0.578125
wave,Flip,250000,0.578125
wave,Flip,250000,0.578125
wave,Flip,250000,0.578125
wave,Flip,250000,0.578125
wave,Flip,250000,0.578125
wave,Flip,250000,0.578125
wave,Flip,250000,0.578125
wave,Flip,250000,0.578125
wave,Flip,250000,0.578125
wave,Flip,250000,0.578125
wave,Flip,250000,0.578125
wave,Flip,250000,0.578125
wave,Flip,250000,0.578125
wave,Flip,250000,0.578125
wave,Flip,250000,0.578125
wave,Flip,250000,0.578125
wave,Flip,250000,0.578125
wave,Flip,250000,0.578125
wave,Flip,250000,0.578125
wave,Flip,250000,0.578125
wave,Flip,250000,0.578125
wave,Flip,250000,0.578125
wave,Flip,250000,0.578125
wave,Flip,250000,0.578125
wave,Flip,250000,0.578125
wave,Flip,250000,0.578125
wave,Flip,250000,0.578125
wave,Flip,250000,0.578125
wave,Flip,250000,0.578125
wave,Flip,250000,0.578125
wave,Flip,250000,0.578125
wave,Flip,250000,0.578125
wave,Flip,250000,0.578125
wave,Flip,250000,0.578125
wave,Flip,250000,0.578125
wave,Flip,250000,0.578125
wave,Flip,250000,0.578125
wave,Flip,250000,0.578125
wave,Flip,250000,0.578125
wave,Flip,250000,0.578125
wave,Flip,250000,0.578125
wave,Flip,250000,0.578125
wave,Flip,250000,0.578125
wave,Flip,250000,0.578125
wave,Flip,250000,0.578125
wave,Flip,250000,0.578125
wave,Flip,250000,0.578125
wave,Flip,250000,0.578125
wave,Flip,250000,0.578125
wave,Flip,250000,0.578125
wave,Flip,250000,0.578125
wave,Flip,250000,0.578125
wave,Flip,250000,0.578125
wave,Flip,250000,0.578125
wave,Flip,250000,0.578125
wave,Flip,250000,0.578125
wave,Flip,250000,0.578125
wave,Flip,250000,0.578125
wave,Flip,250000,0.578125
wave,Flip,250000,0.578125
wave,Flip,250000,0.578125
wave,Flip,250000,0.578125
wave,Flip,250000,0.578125
wave,Flip,250000,0.578125
wave,Flip,250000,0.578125
wave,Flip,250000,0.578125
wave,Flip,250000,0.578125
wave,Flip,250000,0.578125
wave,Flip,250000,0.578125
wave,Flip,250000,0.578125
wave,Flip,250000,0.578125
wave,Flip,250000,0.578125
wave,Flip,250000,0.578125
wave,Flip,250000,0.578125
wave,Flip,250000,0.578125
wave,Flip,250000,0.578125
wave,Flip,250000,0.578125
wave,Flip,250000,0.578125
wave,Flip,250000,0.578125
wave,Flip,250000,0.578125
wave,Flip,250000,0.578125
wave,Flip,250000,0.578125
wave,Flip,250000,0.578125
wave,Flip,250000,0.578125
wave,Flip,250000,0.578125
wave,Flip,250000,0.578125
wave,Flip,250000,0.578125
wave,Flip,250000,0.578125
wave,Flip,250000,0.578125
wave,Flip,250000,0.578125
wave,Flip,250000,0.578125
wave,Flip,250000,0.578125
wave,Flip,250000,0.578125
wave,Flip,250000,0.578125
wave,Flip,250000,0.578125
wave,Flip,250000,0.578125
wave,Flip,250000,0.578125
wave,Flip,250000,0.578125
wave,Flip,250000,0.578125
wave,Flip,250000,0.578125
wave,Flip,250000,0.578125
wave,Flip,250000,0.578125
wave,Flip,250000,0.578125
wave,Flip,250000,0.578125
wave,Flip,250000,0.578125
wave,Flip,250000,0.578125
wave,Flip,250000,0.578125
wave,Flip,250000,0.578125
wave,Flip,250000,0.578125
wave,Flip,250000,0.578125
wave,Flip,250000,0.578125
wave,Flip,250000,0.578125
wave,Flip,250000,0.578125
wave,Flip,250000,0.578125
wave,Flip,250000,0.578125
wave,Flip,250000,0.578125
wave,Flip,250000,0.578125
wave,Flip,250000,0.578125
wave,Flip,250000,0.578125
wave,Flip,250000,0.578125
wave,Flip,250000,0.578125
wave,Flip,250000,0.578125
wave,Flip,250000,0.578125
wave,Flip,250000,0.578125
wave,Flip,250000,0.578125
wave,Flip,250000,0.578125
wave,Flip,250000,0.578125
wave,Flip,250000,0.578125
wave,Flip,250000,0.578125
wave,Flip,250000,0.578125
wave,Flip,250000,0.578125
wave,Flip,250000,0.578125
wave,Flip,250000,0.578125
wave,Flip,250000,0.578125
wave,Flip,250000,0.578125
wave,Flip,250000,0.578125
wave,Flip,250000,0.578125
wave,Flip,250000,0.578125
wave,Flip,250000,0.578125
wave,Flip,250000,0.578125
wave,Flip,250000,0.578125
wave,Flip,250000,0.578125
wave,Flip,250000,0.578125
wave,Flip,250000,0.578125
wave,Flip,250000,0.578125
wave,Flip,250000,0.578125
wave,Flip,250000,0.578125
wave,Flip,250000,0.578125
wave,Flip,250000,0.578125
wave,Flip,250000,0.578125
wave,Flip,250000,0.578125
wave,Flip,250000,0.578125
wave,Flip,250000,0.578125
wave,Flip,250000,0.578125
wave,Flip,250000,0.578125
wave,Flip,250000,0.578125
wave,Flip,250000,0.578125
wave,Flip,250000,0.578125
wave,Flip,250000,0.578125
wave,Flip,250000,0.578125
wave,Flip,250000,0.578125
wave,Flip,250000,0.578125
wave,Flip,250000,0.578125
wave,Flip,250000,0.578125
wave,Flip,250000,0.578125
wave,Flip,250000,0.578125
wave,Flip,250000,0.578125
wave,Flip,250000,0.578125
wave,Flip,250000,0.578125
wave,Flip,250000,0.578125
wave,Flip,250000,0.578125
wave,Flip,250000,0.578125
wave,Flip,250000,0.578125
wave,Flip,250000,0.578125
wave,Flip,250000,0.578125
wave,Flip,250000,0.578125
wave,Flip,250000,0.578125
wave,Flip,250000,0.578125
wave,Flip,250000,0.578125
wave,Flip,250000,0.578125
wave,Flip,250000,0.578125
wave,Flip,250000,0.578125
wave,Flip,250000,0.578125
wave,Flip,250000,0.578125
wave,Flip,250000,0.578125
wave,Flip,250000,0.578125
wave,Flip,250000,0.578125
wave,Flip,250000,0.578125
wave,Flip,250000,0.578125
wave,Flip,250000,0.578125
wave,Flip,250000,0.578125
wave,Flip,250000,0.578125
wave,Flip,250000,0.578125
wave,Flip,250000,0.578125
wave,Flip,250000,0.578125
wave,Flip,250000,0.578125
phash,Rescale,250000,0.75
phash,Rescale,250000,0.75
phash,Rescale,250000,0.75
phash,Rescale,250000,0.75
phash,Rescale,250000,0.75
phash,Rescale,250000,0.75
phash,Rescale,250000,0.75
phash,Rescale,250000,0.75
phash,Rescale,250000,0.75
phash,Rescale,250000,0.75
phash,Rescale,250000,0.75
phash,Rescale,250000,0.75
phash,Rescale,250000,0.75
phash,Rescale,250000,0.75
phash,Rescale,250000,0.75
phash,Rescale,250000,0.75
phash,Rescale,250000,0.75
phash,Rescale,250000,0.75
phash,Rescale,250000,0.75
phash,Rescale,250000,0.75
phash,Rescale,250000,0.75
phash,Rescale,250000,0.75
phash,Rescale,250000,0.75
phash,Rescale,250000,0.75
phash,Rescale,250000,0.75
phash,Rescale,250000,0.75
phash,Rescale,250000,0.75
phash,Rescale,250000,0.75
phash,Rescale,250000,0.75
phash,Rescale,250000,0.75
phash,Rescale,250000,0.75
phash,Rescale,250000,0.75
phash,Rescale,250000,0.75
phash,Rescale,250000,0.75
phash,Rescale,250000,0.75
phash,Rescale,250000,0.75
phash,Rescale,250000,0.75
phash,Rescale,250000,0.75
phash,Rescale,250000,0.75
phash,Rescale,250000,0.75
phash,Rescale,250000,0.78125
phash,Rescale,250000,0.75
phash,Rescale,250000,0.75
phash,Rescale,250000,0.75
phash,Rescale,250000,0.78125
phash,Rescale,250000,0.75
phash,Rescale,250000,0.75
phash,Rescale,250000,0.75
phash,Rescale,250000,0.75
phash,Rescale,250000,0.75
phash,Rescale,250000,0.75
phash,Rescale,250000,0.75
phash,Rescale,250000,0.75
phash,Rescale,250000,0.75
phash,Rescale,250000,0.75
phash,Rescale,250000,0.75
phash,Rescale,250000,0.75
phash,Rescale,250000,0.75
phash,Rescale,250000,0.75
phash,Rescale,250000,0.75
phash,Rescale,250000,0.75
phash,Rescale,250000,0.75
phash,Rescale,250000,0.75
phash,Rescale,250000,0.75
phash,Rescale,250000,0.75
phash,Rescale,250000,0.75
phash,Rescale,250000,0.75
phash,Rescale,250000,0.75
phash,Rescale,250000,0.75
phash,Rescale,250000,0.75
phash,Rescale,250000,0.75
phash,Rescale,250000,0.75
phash,Rescale,250000,0.75
phash,Rescale,250000,0.78125
phash,Rescale,250000,0.75
phash,Rescale,250000,0.75
phash,Rescale,250000,0.75
phash,Rescale,250000,0.75
phash,Rescale,250000,0.75
phash,Rescale,250000,0.75
phash,Rescale,250000,0.75
phash,Rescale,250000,0.75
phash,Rescale,250000,0.75
phash,Rescale,250000,0.75
phash,Rescale,250000,0.75
phash,Rescale,250000,0.75
phash,Rescale,250000,0.75
phash,Rescale,250000,0.75
phash,Rescale,250000,0.75
phash,Rescale,250000,0.75
phash,Rescale,250000,0.75
phash,Rescale,250000,0.75
phash,Rescale,250000,0.75
phash,Rescale,250000,0.75
phash,Rescale,250000,0.75
phash,Rescale,250000,0.75
phash,Rescale,250000,0.75
phash,Rescale,250000,0.75
phash,Rescale,250000,0.75
phash,Rescale,250000,0.75
phash,Rescale,250000,0.78125
phash,Rescale,250000,0.75
phash,Rescale,250000,0.75
phash,Rescale,250000,0.75
phash,Rescale,250000,0.75
phash,Rescale,250000,0.75
phash,Rescale,250000,0.75
phash,Rescale,250000,0.75
phash,Rescale,250000,0.75
phash,Rescale,250000,0.75
phash,Rescale,250000,0.75
phash,Rescale,250000,0.75
phash,Rescale,250000,0.75
phash,Rescale,250000,0.75
phash,Rescale,250000,0.75
phash,Rescale,250000,0.75
phash,Rescale,250000,0.75
phash,Rescale,250000,0.75
phash,Rescale,250000,0.75
phash,Rescale,250000,0.75
phash,Rescale,250000,0.75
phash,Rescale,250000,0.75
phash,Rescale,250000,0.75
phash,Rescale,250000,0.75
phash,Rescale,250000,0.75
phash,Rescale,250000,0.75
phash,Rescale,250000,0.75
phash,Rescale,250000,0.75
phash,Rescale,250000,0.75
phash,Rescale,250000,0.75
phash,Rescale,250000,0.75
phash,Rescale,250000,0.75
phash,Rescale,250000,0.75
phash,Rescale,250000,0.75
phash,Rescale,250000,0.75
phash,Rescale,250000,0.75
phash,Rescale,250000,0.78125
phash,Rescale,250000,0.75
phash,Rescale,250000,0.75
phash,Rescale,250000,0.75
phash,Rescale,250000,0.75
phash,Rescale,250000,0.75
phash,Rescale,250000,0.75
phash,Rescale,250000,0.75
phash,Rescale,250000,0.75
phash,Rescale,250000,0.78125
phash,Rescale,250000,0.75
phash,Rescale,250000,0.75
phash,Rescale,250000,0.75
phash,Rescale,250000,0.75
phash,Rescale,250000,0.75
phash,Rescale,250000,0.75
phash,Rescale,250000,0.75
phash,Rescale,250000,0.75
phash,Rescale,250000,0.75
phash,Rescale,250000,0.75
phash,Rescale,250000,0.75
phash,Rescale,250000,0.75
phash,Rescale,250000,0.75
phash,Rescale,250000,0.78125
phash,Rescale,250000,0.75
phash,Rescale,250000,0.75
phash,Rescale,250000,0.75
phash,Rescale,250000,0.75
phash,Rescale,250000,0.75
phash,Rescale,250000,0.75
phash,Rescale,250000,0.75
phash,Rescale,250000,0.75
phash,Rescale,250000,0.75
phash,Rescale,250000,0.75
phash,Rescale,250000,0.75
phash,Rescale,250000,0.75
phash,Rescale,250000,0.75
phash,Rescale,250000,0.75
phash,Rescale,250000,0.75
phash,Rescale,250000,0.75
phash,Rescale,250000,0.75
phash,Rescale,250000,0.75
phash,Rescale,250000,0.75
phash,Rescale,250000,0.75
phash,Rescale,250000,0.75
phash,Rescale,250000,0.75
phash,Rescale,250000,0.75
phash,Rescale,250000,0.75
phash,Rescale,250000,0.75
phash,Rescale,250000,0.75
phash,Rescale,250000,0.75
phash,Rescale,250000,0.75
phash,Rescale,250000,0.75
phash,Rescale,250000,0.75
phash,Rescale,250000,0.75
phash,Rescale,250000,0.75
phash,Rescale,250000,0.75
phash,Rescale,250000,0.75
phash,Rescale,250000,0.75
phash,Rescale,250000,0.75
phash,Rescale,250000,0.75
phash,Rescale,250000,0.75
phash,Rescale,250000,0.75
phash,Rescale,250000,0.75
phash,Rescale,250000,0.75
phash,Rescale,250000,0.75
phash,Rescale,250000,0.78125
phash,Rescale,250000,0.75
phash,Rescale,250000,0.75
phash,Rescale,250000,0.75
phash,Rescale,250000,0.75
phash,Rescale,250000,0.75
phash,Rescale,250000,0.75
phash,Rescale,250000,0.75
phash,Rescale,250000,0.75
phash,Rescale,250000,0.75
phash,Rescale,250000,0.75
phash,Rescale,250000,0.75
phash,Rescale,250000,0.75
phash,Rescale,250000,0.75
phash,Rescale,250000,0.75
phash,Rescale,250000,0.75
phash,Rescale,250000,0.75
phash,Rescale,250000,0.75
phash,Rescale,250000,0.75
phash,Rescale,250000,0.78125
phash,Rescale,250000,0.75
phash,Rescale,250000,0.75
phash,Rescale,250000,0.75
phash,Rescale,250000,0.75
phash,Rescale,250000,0.75
phash,Rescale,250000,0.75
phash,Rescale,250000,0.75
phash,Rescale,250000,0.75
phash,Rescale,250000,0.75
phash,Rescale,250000,0.75
phash,Rescale,250000,0.75
phash,Rescale,250000,0.75
phash,Rescale,250000,0.75
phash,Rescale,250000,0.75
phash,Rescale,250000,0.75
phash,Rescale,250000,0.75
phash,Rescale,250000,0.75
phash,Rescale,250000,0.75
phash,Rescale,250000,0.75
phash,Rescale,250000,0.75
phash,Rescale,250000,0.78125
phash,Rescale,250000,0.75
phash,Rescale,250000,0.78125
phash,Rescale,250000,0.75
phash,Rescale,250000,0.75
phash,Rescale,250000,0.75
phash,Rescale,250000,0.75
phash,Rescale,250000,0.78125
phash,Watermark,250000,0.71875
phash,Watermark,250000,0.71875
phash,Watermark,250000,0.71875
phash,Watermark,250000,0.71875
phash,Watermark,250000,0.71875
phash,Watermark,250000,0.71875
phash,Watermark,250000,0.71875
phash,Watermark,250000,0.71875
phash,Watermark,250000,0.71875
phash,Watermark,250000,0.71875
phash,Watermark,250000,0.71875
phash,Watermark,250000,0.71875
phash,Watermark,250000,0.71875
phash,Watermark,250000,0.71875
phash,Watermark,250000,0.71875
phash,Watermark,250000,0.71875
phash,Watermark,250000,0.71875
phash,Watermark,250000,0.71875
phash,Watermark,250000,0.71875
phash,Watermark,250000,0.71875
phash,Watermark,250000,0.71875
phash,Watermark,250000,0.71875
phash,Watermark,250000,0.71875
phash,Watermark,250000,0.71875
phash,Watermark,250000,0.71875
phash,Watermark,250000,0.71875
phash,Watermark,250000,0.71875
phash,Watermark,250000,0.71875
phash,Watermark,250000,0.71875
phash,Watermark,250000,0.71875
phash,Watermark,250000,0.71875
phash,Watermark,250000,0.71875
phash,Watermark,250000,0.71875
phash,Watermark,250000,0.71875
phash,Watermark,250000,0.71875
phash,Watermark,250000,0.71875
phash,Watermark,250000,0.71875
phash,Watermark,250000,0.71875
phash,Watermark,250000,0.71875
phash,Watermark,250000,0.71875
phash,Watermark,250000,0.71875
phash,Watermark,250000,0.71875
phash,Watermark,250000,0.71875
phash,Watermark,250000,0.71875
phash,Watermark,250000,0.71875
phash,Watermark,250000,0.71875
phash,Watermark,250000,0.71875
phash,Watermark,250000,0.71875
phash,Watermark,250000,0.71875
phash,Watermark,250000,0.71875
phash,Watermark,250000,0.71875
phash,Watermark,250000,0.71875
phash,Watermark,250000,0.71875
phash,Watermark,250000,0.71875
phash,Watermark,250000,0.71875
phash,Watermark,250000,0.71875
phash,Watermark,250000,0.71875
phash,Watermark,250000,0.71875
phash,Watermark,250000,0.71875
phash,Watermark,250000,0.71875
phash,Watermark,250000,0.71875
phash,Watermark,250000,0.71875
phash,Watermark,250000,0.71875
phash,Watermark,250000,0.71875
phash,Watermark,250000,0.71875
phash,Watermark,250000,0.71875
phash,Watermark,250000,0.71875
phash,Watermark,250000,0.71875
phash,Watermark,250000,0.71875
phash,Watermark,250000,0.71875
phash,Watermark,250000,0.71875
phash,Watermark,250000,0.71875
phash,Watermark,250000,0.71875
phash,Watermark,250000,0.71875
phash,Watermark,250000,0.71875
phash,Watermark,250000,0.71875
phash,Watermark,250000,0.71875
phash,Watermark,250000,0.71875
phash,Watermark,250000,0.71875
phash,Watermark,250000,0.71875
phash,Watermark,250000,0.71875
phash,Watermark,250000,0.71875
phash,Watermark,250000,0.71875
phash,Watermark,250000,0.71875
phash,Watermark,250000,0.71875
phash,Watermark,250000,0.71875
phash,Watermark,250000,0.71875
phash,Watermark,250000,0.71875
phash,Watermark,250000,0.71875
phash,Watermark,250000,0.71875
phash,Watermark,250000,0.71875
phash,Watermark,250000,0.71875
phash,Watermark,250000,0.71875
phash,Watermark,250000,0.71875
phash,Watermark,250000,0.71875
phash,Watermark,250000,0.71875
phash,Watermark,250000,0.71875
phash,Watermark,250000,0.71875
phash,Watermark,250000,0.71875
phash,Watermark,250000,0.71875
phash,Watermark,250000,0.71875
phash,Watermark,250000,0.71875
phash,Watermark,250000,0.71875
phash,Watermark,250000,0.71875
phash,Watermark,250000,0.71875
phash,Watermark,250000,0.71875
phash,Watermark,250000,0.71875
phash,Watermark,250000,0.71875
phash,Watermark,250000,0.71875
phash,Watermark,250000,0.71875
phash,Watermark,250000,0.71875
phash,Watermark,250000,0.71875
phash,Watermark,250000,0.71875
phash,Watermark,250000,0.71875
phash,Watermark,250000,0.71875
phash,Watermark,250000,0.71875
phash,Watermark,250000,0.71875
phash,Watermark,250000,0.71875
phash,Watermark,250000,0.71875
phash,Watermark,250000,0.71875
phash,Watermark,250000,0.71875
phash,Watermark,250000,0.71875
phash,Watermark,250000,0.71875
phash,Watermark,250000,0.71875
phash,Watermark,250000,0.71875
phash,Watermark,250000,0.71875
phash,Watermark,250000,0.71875
phash,Watermark,250000,0.71875
phash,Watermark,250000,0.71875
phash,Watermark,250000,0.71875
phash,Watermark,250000,0.71875
phash,Watermark,250000,0.71875
phash,Watermark,250000,0.71875
phash,Watermark,250000,0.71875
phash,Watermark,250000,0.71875
phash,Watermark,250000,0.71875
phash,Watermark,250000,0.71875
phash,Watermark,250000,0.71875
phash,Watermark,250000,0.71875
phash,Watermark,250000,0.71875
phash,Watermark,250000,0.71875
phash,Watermark,250000,0.71875
phash,Watermark,250000,0.71875
phash,Watermark,250000,0.71875
phash,Watermark,250000,0.71875
phash,Watermark,250000,0.71875
phash,Watermark,250000,0.71875
phash,Watermark,250000,0.71875
phash,Watermark,250000,0.71875
phash,Watermark,250000,0.71875
phash,Watermark,250000,0.71875
phash,Watermark,250000,0.71875
phash,Watermark,250000,0.71875
phash,Watermark,250000,0.71875
phash,Watermark,250000,0.71875
phash,Watermark,250000,0.71875
phash,Watermark,250000,0.71875
phash,Watermark,250000,0.71875
phash,Watermark,250000,0.71875
phash,Watermark,250000,0.71875
phash,Watermark,250000,0.71875
phash,Watermark,250000,0.71875
phash,Watermark,250000,0.71875
phash,Watermark,250000,0.71875
phash,Watermark,250000,0.71875
phash,Watermark,250000,0.71875
phash,Watermark,250000,0.71875
phash,Watermark,250000,0.71875
phash,Watermark,250000,0.71875
phash,Watermark,250000,0.71875
phash,Watermark,250000,0.71875
phash,Watermark,250000,0.71875
phash,Watermark,250000,0.71875
phash,Watermark,250000,0.71875
phash,Watermark,250000,0.71875
phash,Watermark,250000,0.71875
phash,Watermark,250000,0.71875
phash,Watermark,250000,0.71875
phash,Watermark,250000,0.71875
phash,Watermark,250000,0.71875
phash,Watermark,250000,0.71875
phash,Watermark,250000,0.71875
phash,Watermark,250000,0.71875
phash,Watermark,250000,0.71875
phash,Watermark,250000,0.71875
phash,Watermark,250000,0.71875
phash,Watermark,250000,0.71875
phash,Watermark,250000,0.71875
phash,Watermark,250000,0.71875
phash,Watermark,250000,0.71875
phash,Watermark,250000,0.71875
phash,Watermark,250000,0.71875
phash,Watermark,250000,0.71875
phash,Watermark,250000,0.71875
phash,Watermark,250000,0.71875
phash,Watermark,250000,0.71875
phash,Watermark,250000,0.71875
phash,Watermark,250000,0.71875
phash,Watermark,250000,0.71875
phash,Watermark,250000,0.71875
phash,Watermark,250000,0.71875
phash,Watermark,250000,0.71875
phash,Watermark,250000,0.71875
phash,Watermark,250000,0.71875
phash,Watermark,250000,0.71875
phash,Watermark,250000,0.71875
phash,Watermark,250000,0.71875
phash,Watermark,250000,0.71875
phash,Watermark,250000,0.71875
phash,Watermark,250000,0.71875
phash,Watermark,250000,0.71875
phash,Watermark,250000,0.71875
phash,Watermark,250000,0.71875
phash,Watermark,250000,0.71875
phash,Watermark,250000,0.71875
phash,Watermark,250000,0.71875
phash,Watermark,250000,0.71875
phash,Watermark,250000,0.71875
phash,Watermark,250000,0.71875
phash,Watermark,250000,0.71875
phash,Watermark,250000,0.71875
phash,Watermark,250000,0.71875
phash,Watermark,250000,0.71875
phash,Watermark,250000,0.71875
phash,Watermark,250000,0.71875
phash,Watermark,250000,0.71875
phash,Watermark,250000,0.71875
phash,Watermark,250000,0.71875
phash,Watermark,250000,0.71875
phash,Watermark,250000,0.71875
phash,Watermark,250000,0.71875
phash,Watermark,250000,0.71875
phash,Watermark,250000,0.71875
phash,Watermark,250000,0.71875
phash,Watermark,250000,0.71875
phash,Watermark,250000,0.71875
phash,Watermark,250000,0.71875
phash,Watermark,250000,0.71875
phash,Watermark,250000,0.71875
phash,Watermark,250000,0.71875
phash,Watermark,250000,0.71875
phash,Watermark,250000,0.71875
phash,Watermark,250000,0.71875
phash,Watermark,250000,0.71875
phash,Watermark,250000,0.71875
phash,Watermark,250000,0.71875
phash,Watermark,250000,0.71875
phash,Watermark,250000,0.71875
phash,Watermark,250000,0.71875
phash,Watermark,250000,0.71875
phash,Flip,250000,0.53125
phash,Flip,250000,0.53125
phash,Flip,250000,0.53125
phash,Flip,250000,0.53125
phash,Flip,250000,0.515625
phash,Flip,250000,0.53125
phash,Flip,250000,0.53125
phash,Flip,250000,0.53125
phash,Flip,250000,0.515625
phash,Flip,250000,0.53125
phash,Flip,250000,0.53125
phash,Flip,250000,0.53125
phash,Flip,250000,0.53125
phash,Flip,250000,0.53125
phash,Flip,250000,0.53125
phash,Flip,250000,0.53125
phash,Flip,250000,0.53125
phash,Flip,250000,0.53125
phash,Flip,250000,0.53125
phash,Flip,250000,0.53125
phash,Flip,250000,0.53125
phash,Flip,250000,0.515625
phash,Flip,250000,0.53125
phash,Flip,250000,0.53125
phash,Flip,250000,0.53125
phash,Flip,250000,0.53125
phash,Flip,250000,0.53125
phash,Flip,250000,0.53125
phash,Flip,250000,0.53125
phash,Flip,250000,0.53125
phash,Flip,250000,0.53125
phash,Flip,250000,0.53125
phash,Flip,250000,0.53125
phash,Flip,250000,0.515625
phash,Flip,250000,0.53125
phash,Flip,250000,0.53125
phash,Flip,250000,0.53125
phash,Flip,250000,0.53125
phash,Flip,250000,0.53125
phash,Flip,250000,0.53125
phash,Flip,250000,0.53125
phash,Flip,250000,0.515625
phash,Flip,250000,0.53125
phash,Flip,250000,0.53125
phash,Flip,250000,0.53125
phash,Flip,250000,0.53125
phash,Flip,250000,0.53125
phash,Flip,250000,0.53125
phash,Flip,250000,0.53125
phash,Flip,250000,0.53125
phash,Flip,250000,0.53125
phash,Flip,250000,0.53125
phash,Flip,250000,0.53125
phash,Flip,250000,0.53125
phash,Flip,250000,0.53125
phash,Flip,250000,0.53125
phash,Flip,250000,0.53125
phash,Flip,250000,0.53125
phash,Flip,250000,0.53125
phash,Flip,250000,0.53125
phash,Flip,250000,0.53125
phash,Flip,250000,0.53125
phash,Flip,250000,0.53125
phash,Flip,250000,0.53125
phash,Flip,250000,0.53125
phash,Flip,250000,0.53125
phash,Flip,250000,0.53125
phash,Flip,250000,0.53125
phash,Flip,250000,0.53125
phash,Flip,250000,0.515625
phash,Flip,250000,0.53125
phash,Flip,250000,0.515625
phash,Flip,250000,0.53125
phash,Flip,250000,0.53125
phash,Flip,250000,0.53125
phash,Flip,250000,0.53125
phash,Flip,250000,0.53125
phash,Flip,250000,0.515625
phash,Flip,250000,0.53125
phash,Flip,250000,0.53125
phash,Flip,250000,0.53125
phash,Flip,250000,0.53125
phash,Flip,250000,0.53125
phash,Flip,250000,0.515625
phash,Flip,250000,0.53125
phash,Flip,250000,0.53125
phash,Flip,250000,0.515625
phash,Flip,250000,0.53125
phash,Flip,250000,0.53125
phash,Flip,250000,0.53125
phash,Flip,250000,0.53125
phash,Flip,250000,0.515625
phash,Flip,250000,0.53125
phash,Flip,250000,0.53125
phash,Flip,250000,0.53125
phash,Flip,250000,0.53125
phash,Flip,250000,0.53125
phash,Flip,250000,0.53125
phash,Flip,250000,0.53125
phash,Flip,250000,0.53125
phash,Flip,250000,0.53125
phash,Flip,250000,0.53125
phash,Flip,250000,0.53125
phash,Flip,250000,0.515625
phash,Flip,250000,0.53125
phash,Flip,250000,0.53125
phash,Flip,250000,0.53125
phash,Flip,250000,0.515625
phash,Flip,250000,0.53125
phash,Flip,250000,0.53125
phash,Flip,250000,0.53125
phash,Flip,250000,0.53125
phash,Flip,250000,0.53125
phash,Flip,250000,0.53125
phash,Flip,250000,0.515625
phash,Flip,250000,0.53125
phash,Flip,250000,0.53125
phash,Flip,250000,0.53125
phash,Flip,250000,0.53125
phash,Flip,250000,0.53125
phash,Flip,250000,0.53125
phash,Flip,250000,0.53125
phash,Flip,250000,0.53125
phash,Flip,250000,0.515625
phash,Flip,250000,0.53125
phash,Flip,250000,0.53125
phash,Flip,250000,0.53125
phash,Flip,250000,0.53125
phash,Flip,250000,0.53125
phash,Flip,250000,0.53125
phash,Flip,250000,0.515625
phash,Flip,250000,0.515625
phash,Flip,250000,0.53125
phash,Flip,250000,0.53125
phash,Flip,250000,0.53125
phash,Flip,250000,0.53125
phash,Flip,250000,0.53125
phash,Flip,250000,0.53125
phash,Flip,250000,0.53125
phash,Flip,250000,0.53125
phash,Flip,250000,0.53125
phash,Flip,250000,0.53125
phash,Flip,250000,0.53125
phash,Flip,250000,0.53125
phash,Flip,250000,0.53125
phash,Flip,250000,0.53125
phash,Flip,250000,0.53125
phash,Flip,250000,0.53125
phash,Flip,250000,0.53125
phash,Flip,250000,0.53125
phash,Flip,250000,0.53125
phash,Flip,250000,0.53125
phash,Flip,250000,0.53125
phash,Flip,250000,0.53125
phash,Flip,250000,0.53125
phash,Flip,250000,0.53125
phash,Flip,250000,0.53125
phash,Flip,250000,0.53125
phash,Flip,250000,0.515625
phash,Flip,250000,0.53125
phash,Flip,250000,0.53125
phash,Flip,250000,0.53125
phash,Flip,250000,0.53125
phash,Flip,250000,0.53125
phash,Flip,250000,0.53125
phash,Flip,250000,0.53125
phash,Flip,250000,0.53125
phash,Flip,250000,0.53125
phash,Flip,250000,0.53125
phash,Flip,250000,0.53125
phash,Flip,250000,0.53125
phash,Flip,250000,0.515625
phash,Flip,250000,0.53125
phash,Flip,250000,0.53125
phash,Flip,250000,0.53125
phash,Flip,250000,0.515625
phash,Flip,250000,0.53125
phash,Flip,250000,0.53125
phash,Flip,250000,0.53125
phash,Flip,250000,0.53125
phash,Flip,250000,0.53125
phash,Flip,250000,0.53125
phash,Flip,250000,0.515625
phash,Flip,250000,0.53125
phash,Flip,250000,0.53125
phash,Flip,250000,0.53125
phash,Flip,250000,0.53125
phash,Flip,250000,0.53125
phash,Flip,250000,0.53125
phash,Flip,250000,0.53125
phash,Flip,250000,0.515625
phash,Flip,250000,0.53125
phash,Flip,250000,0.53125
phash,Flip,250000,0.53125
phash,Flip,250000,0.53125
phash,Flip,250000,0.53125
phash,Flip,250000,0.53125
phash,Flip,250000,0.53125
phash,Flip,250000,0.53125
phash,Flip,250000,0.53125
phash,Flip,250000,0.53125
phash,Flip,250000,0.53125
phash,Flip,250000,0.53125
phash,Flip,250000,0.53125
phash,Flip,250000,0.515625
phash,Flip,250000,0.53125
phash,Flip,250000,0.53125
phash,Flip,250000,0.53125
phash,Flip,250000,0.53125
phash,Flip,250000,0.515625
phash,Flip,250000,0.515625
phash,Flip,250000,0.53125
phash,Flip,250000,0.53125
phash,Flip,250000,0.515625
phash,Flip,250000,0.53125
phash,Flip,250000,0.53125
phash,Flip,250000,0.53125
phash,Flip,250000,0.53125
phash,Flip,250000,0.53125
phash,Flip,250000,0.515625
phash,Flip,250000,0.53125
phash,Flip,250000,0.53125
phash,Flip,250000,0.53125
phash,Flip,250000,0.53125
phash,Flip,250000,0.53125
phash,Flip,250000,0.53125
phash,Flip,250000,0.53125
phash,Flip,250000,0.515625
phash,Flip,250000,0.515625
phash,Flip,250000,0.515625
phash,Flip,250000,0.53125
phash,Flip,250000,0.53125
phash,Flip,250000,0.53125
phash,Flip,250000,0.53125
phash,Flip,250000,0.53125
phash,Flip,250000,0.515625
phash,Flip,250000,0.53125
phash,Flip,250000,0.53125
phash,Flip,250000,0.53125
phash,Flip,250000,0.53125
phash,Flip,250000,0.53125
phash,Flip,250000,0.53125
phash,Flip,250000,0.53125
phash,Flip,250000,0.53125
phash,Flip,250000,0.53125
phash,Flip,250000,0.53125
phash,Flip,250000,0.53125
phash,Flip,250000,0.53125
phash,Flip,250000,0.53125
phash,Flip,250000,0.53125
